{"response": [{"resultsPerPage": 1, "startIndex": 0, "totalResults": 1, "format": "NVD_CVE", "version": "2.0", "timestamp": "2024-05-12T15:45:15.850", "vulnerabilities": [{"cve": {"id": "CVE-1999-1471", "sourceIdentifier": "cve@mitre.org", "published": "1989-01-01T05:00:00.000", "lastModified": "2008-09-05T20:19:36.257", "vulnStatus": "Analyzed", "descriptions": [{"lang": "en", "value": "Buffer overflow in passwd in BSD based operating systems 4.3 and earlier allows local users to gain root privileges by specifying a long shell or GECOS field."}], "metrics": {"cvssMetricV2": [{"source": "nvd@nist.gov", "type": "Primary", "cvssData": {"version": "2.0", "vectorString": "AV:L/AC:L/Au:N/C:C/I:C/A:C", "accessVector": "LOCAL", "accessComplexity": "LOW", "authentication": "NONE", "confidentialityImpact": "COMPLETE", "integrityImpact": "COMPLETE", "availabilityImpact": "COMPLETE", "baseScore": 7.2}, "baseSeverity": "HIGH", "exploitabilityScore": 3.9, "impactScore": 10.0, "acInsufInfo": false, "obtainAllPrivilege": true, "obtainUserPrivilege": false, "obtainOtherPrivilege": false, "userInteractionRequired": false}]}, "weaknesses": [{"source": "nvd@nist.gov", "type": "Primary", "description": [{"lang": "en", "value": "NVD-CWE-Other"}]}], "configurations": [{"nodes": [{"operator": "OR", "negate": false, "cpeMatch": [{"vulnerable": true, "criteria": "cpe:2.3:o:bsd:bsd:4.2:*:*:*:*:*:*:*", "matchCriteriaId": "32E0E862-63E6-42DA-8CCC-AAAC581FE211"}, {"vulnerable": true, "criteria": "cpe:2.3:o:bsd:bsd:4.3:*:*:*:*:*:*:*", "matchCriteriaId": "388BB5C2-53B3-4597-913C-7D86E585CCD5"}]}]}], "references": [{"url": "http://www.cert.org/advisories/CA-1989-01.html", "source": "cve@mitre.org", "tags": ["Patch", "Third Party Advisory", "US Government Resource"]}, {"url": "http://www.iss.net/security_center/static/7152.php", "source": "cve@mitre.org"}, {"url": "http://www.securityfocus.com/bid/4", "source": "cve@mitre.org", "tags": ["Patch", "Vendor Advisory"]}]}}]}]}